file_name,column_name,data_type,allowed_values,description,input_or_output,used_for_training,used_for_validation,sensitive_status,example_value,leakage_control_note,source_category
rule_library.csv,rule_id,string/numeric,see file,Rule library field: rule_id,input,yes,no,non-sensitive rule template,BAS_R01,safe input/metadata after de-identification,machine_readable_rule
rule_library.csv,rule_family,string/numeric,see file,Rule library field: rule_family,input,yes,no,non-sensitive rule template,Basel-inspired,safe input/metadata after de-identification,machine_readable_rule
rule_library.csv,rule_template_no,string/numeric,see file,Rule library field: rule_template_no,input,yes,no,non-sensitive rule template,1,safe input/metadata after de-identification,machine_readable_rule
rule_library.csv,treaty_inspiration,string/numeric,see file,Rule library field: treaty_inspiration,input,yes,no,non-sensitive rule template,Basel,safe input/metadata after de-identification,machine_readable_rule
rule_library.csv,regulated_focus,string/numeric,see file,Rule library field: regulated_focus,input,yes,no,non-sensitive rule template,Hazardous waste movement,safe input/metadata after de-identification,machine_readable_rule
rule_library.csv,regulated_item,string/numeric,see file,Rule library field: regulated_item,input,yes,no,non-sensitive rule template,hazardous_waste,safe input/metadata after de-identification,machine_readable_rule
rule_library.csv,controlled_action,string/numeric,see file,Rule library field: controlled_action,input,yes,no,non-sensitive rule template,movement,safe input/metadata after de-identification,machine_readable_rule
rule_library.csv,required_document,string/numeric,see file,Rule library field: required_document,input,yes,no,non-sensitive rule template,movement_consent,safe input/metadata after de-identification,machine_readable_rule
rule_library.csv,exemption_condition,string/numeric,see file,Rule library field: exemption_condition,input,yes,no,non-sensitive rule template,not_applicable_or_documented,safe input/metadata after de-identification,machine_readable_rule
rule_library.csv,threshold_parameter,string/numeric,see file,Rule library field: threshold_parameter,input,yes,no,non-sensitive rule template,document_or_consent_status,safe input/metadata after de-identification,machine_readable_rule
rule_library.csv,threshold_value,string/numeric,see file,Rule library field: threshold_value,input,yes,no,non-sensitive rule template,3377.4,safe input/metadata after de-identification,machine_readable_rule
rule_library.csv,unit,string/numeric,see file,Rule library field: unit,input,yes,no,non-sensitive rule template,kg,safe input/metadata after de-identification,machine_readable_rule
rule_library.csv,evidence_requirement,string/numeric,see file,Rule library field: evidence_requirement,input,yes,no,non-sensitive rule template,document_status + inspection_text + domestic_mapping,safe input/metadata after de-identification,machine_readable_rule
rule_library.csv,domestic_mapping_required,string/numeric,see file,Rule library field: domestic_mapping_required,input,yes,no,non-sensitive rule template,yes,safe input/metadata after de-identification,machine_readable_rule
rule_library.csv,human_review_trigger,string/numeric,see file,Rule library field: human_review_trigger,input,yes,no,non-sensitive rule template,structured_text_conflict or ambiguous_mapping or unclear_exemption,safe input/metadata after de-identification,machine_readable_rule
rule_library.csv,corrective_action_template,string/numeric,see file,Rule library field: corrective_action_template,input,yes,no,non-sensitive rule template,Suspend movement; obtain consent; submit movement/disposal trail,safe input/metadata after de-identification,machine_readable_rule
rule_library.csv,rule_description,string/numeric,see file,Rule library field: rule_description,input,yes,no,non-sensitive rule template,Basel-inspired rule template for hazardous_waste during movement; checks document/threshold evidence and domestic mapping.,safe input/metadata after de-identification,machine_readable_rule
rule_library.csv,legal_logic_type,string/numeric,see file,Rule library field: legal_logic_type,input,yes,no,non-sensitive rule template,document-based,safe input/metadata after de-identification,machine_readable_rule
rule_library.csv,risk_weight,string/numeric,see file,Rule library field: risk_weight,input,yes,no,non-sensitive rule template,0.66,safe input/metadata after de-identification,machine_readable_rule
rule_library.csv,active_flag,string/numeric,see file,Rule library field: active_flag,input,yes,no,non-sensitive rule template,yes,safe input/metadata after de-identification,machine_readable_rule
rule_library.csv,version,string/numeric,see file,Rule library field: version,input,yes,no,non-sensitive rule template,v1.0,safe input/metadata after de-identification,machine_readable_rule
environmental_cases.csv,case_id,string/numeric/text,see file,De-identified case attribute: case_id,input,no,no,de-identified,CASE_0001,safe input/metadata after de-identification,rule_mapped_case
environmental_cases.csv,rule_family,string/numeric/text,see file,De-identified case attribute: rule_family,input,yes,no,de-identified,Rotterdam-inspired,safe input/metadata after de-identification,rule_mapped_case
environmental_cases.csv,candidate_rule_id,string/numeric/text,see file,De-identified case attribute: candidate_rule_id,input,yes,no,de-identified,ROT_R05,safe input/metadata after de-identification,rule_mapped_case
environmental_cases.csv,entity_type,string/numeric/text,see file,De-identified case attribute: entity_type,input,yes,no,de-identified,storage_operator,safe input/metadata after de-identification,rule_mapped_case
environmental_cases.csv,material_type,string/numeric/text,see file,De-identified case attribute: material_type,input,yes,no,de-identified,listed_formulation,safe input/metadata after de-identification,rule_mapped_case
environmental_cases.csv,action_type,string/numeric/text,see file,De-identified case attribute: action_type,input,yes,no,de-identified,cross_border_sale,safe input/metadata after de-identification,rule_mapped_case
environmental_cases.csv,is_regulated_item,string/numeric/text,see file,De-identified case attribute: is_regulated_item,input,yes,no,de-identified,yes,safe input/metadata after de-identification,rule_mapped_case
environmental_cases.csv,is_controlled_action,string/numeric/text,see file,De-identified case attribute: is_controlled_action,input,yes,no,de-identified,yes,safe input/metadata after de-identification,rule_mapped_case
environmental_cases.csv,required_document_status,string/numeric/text,see file,De-identified case attribute: required_document_status,input,yes,no,de-identified,missing,safe input/metadata after de-identification,rule_mapped_case
environmental_cases.csv,exemption_status,string/numeric/text,see file,De-identified case attribute: exemption_status,input,yes,no,de-identified,not_applicable,safe input/metadata after de-identification,rule_mapped_case
environmental_cases.csv,observed_value,string/numeric/text,see file,De-identified case attribute: observed_value,input,yes,no,de-identified,220.8,safe input/metadata after de-identification,rule_mapped_case
environmental_cases.csv,legal_limit,string/numeric/text,see file,De-identified case attribute: legal_limit,input,yes,no,de-identified,1993.9,safe input/metadata after de-identification,rule_mapped_case
environmental_cases.csv,unit,string/numeric/text,see file,De-identified case attribute: unit,input,yes,no,de-identified,kg,safe input/metadata after de-identification,rule_mapped_case
environmental_cases.csv,exceedance_ratio,string/numeric/text,see file,De-identified case attribute: exceedance_ratio,input,yes,no,de-identified,0.111,safe input/metadata after de-identification,rule_mapped_case
environmental_cases.csv,evidence_quality,string/numeric/text,see file,De-identified case attribute: evidence_quality,input,yes,no,de-identified,verified,safe input/metadata after de-identification,rule_mapped_case
environmental_cases.csv,domestic_mapping_available,string/numeric/text,see file,De-identified case attribute: domestic_mapping_available,input,yes,no,de-identified,yes,safe input/metadata after de-identification,rule_mapped_case
environmental_cases.csv,prior_warning,string/numeric/text,see file,De-identified case attribute: prior_warning,input,yes,no,de-identified,yes,safe input/metadata after de-identification,rule_mapped_case
environmental_cases.csv,repeat_event,string/numeric/text,see file,De-identified case attribute: repeat_event,input,yes,no,de-identified,no,safe input/metadata after de-identification,rule_mapped_case
environmental_cases.csv,inspection_text,string/numeric/text,see file,De-identified case attribute: inspection_text,input,yes,no,de-identified,Inspection note states that required authorization was not produced during review. Export consent record was reviewed.,safe input/metadata after de-identification,rule_mapped_case
environmental_cases.csv,normalized_text_length_words,string/numeric/text,see file,De-identified case attribute: normalized_text_length_words,input,yes,no,de-identified,16,safe input/metadata after de-identification,rule_mapped_case
environmental_cases.csv,missing_critical_field,string/numeric/text,see file,De-identified case attribute: missing_critical_field,input,yes,no,de-identified,no,safe input/metadata after de-identification,rule_mapped_case
environmental_cases.csv,structured_text_conflict,string/numeric/text,see file,De-identified case attribute: structured_text_conflict,input,yes,no,de-identified,no,safe input/metadata after de-identification,rule_mapped_case
environmental_cases.csv,rule_applicability,string/numeric/text,see file,De-identified case attribute: rule_applicability,input,yes,no,de-identified,yes,safe input/metadata after de-identification,rule_mapped_case
environmental_cases.csv,obligation_exists,string/numeric/text,see file,De-identified case attribute: obligation_exists,input,yes,no,de-identified,yes,safe input/metadata after de-identification,rule_mapped_case
environmental_cases.csv,factual_breach_indicator,string/numeric/text,see file,De-identified case attribute: factual_breach_indicator,input,yes,no,de-identified,yes,safe input/metadata after de-identification,rule_mapped_case
environmental_cases.csv,evidence_complete,string/numeric/text,see file,De-identified case attribute: evidence_complete,input,yes,no,de-identified,yes,safe input/metadata after de-identification,rule_mapped_case
environmental_cases.csv,case_complexity_score,string/numeric/text,see file,De-identified case attribute: case_complexity_score,input,yes,no,de-identified,0.65,safe input/metadata after de-identification,rule_mapped_case
environmental_cases.csv,rule_logic_type,string/numeric/text,see file,De-identified case attribute: rule_logic_type,input,yes,no,de-identified,consent-based,safe input/metadata after de-identification,rule_mapped_case
environmental_cases.csv,public_record_flag,string/numeric/text,see file,De-identified case attribute: public_record_flag,input,no,no,de-identified,deidentified_rule_mapped,safe input/metadata after de-identification,rule_mapped_case
environmental_cases.csv,deidentified,string/numeric/text,see file,De-identified case attribute: deidentified,input,yes,no,de-identified,yes,safe input/metadata after de-identification,rule_mapped_case
case_outputs.csv,case_id,string/numeric/json/text,see file,Reference or framework output field: case_id,output,no,yes,de-identified output,CASE_0001,excluded from model inputs,reference_or_framework_output
case_outputs.csv,expected_rule_id,string/numeric/json/text,see file,Reference or framework output field: expected_rule_id,output,no,yes,de-identified output,ROT_R05,excluded from model inputs,reference_or_framework_output
case_outputs.csv,expected_proof_state,string/numeric/json/text,see file,Reference or framework output field: expected_proof_state,output,no,yes,de-identified output,confirmed_violation,excluded from model inputs,reference_or_framework_output
case_outputs.csv,expected_corrective_action,string/numeric/json/text,see file,Reference or framework output field: expected_corrective_action,output,no,yes,de-identified output,Hold export; obtain prior consent; submit authorization record,excluded from model inputs,reference_or_framework_output
case_outputs.csv,expected_human_review_flag,string/numeric/json/text,see file,Reference or framework output field: expected_human_review_flag,output,no,yes,de-identified output,no,excluded from model inputs,reference_or_framework_output
case_outputs.csv,predicted_rule_id,string/numeric/json/text,see file,Reference or framework output field: predicted_rule_id,output,no,yes,de-identified output,ROT_R05,excluded from model inputs,reference_or_framework_output
case_outputs.csv,predicted_proof_state,string/numeric/json/text,see file,Reference or framework output field: predicted_proof_state,output,no,yes,de-identified output,confirmed_violation,excluded from model inputs,reference_or_framework_output
case_outputs.csv,validated_proof_state,string/numeric/json/text,see file,Reference or framework output field: validated_proof_state,output,no,yes,de-identified output,confirmed_violation,excluded from model inputs,reference_or_framework_output
case_outputs.csv,proof_state_confidence,string/numeric/json/text,see file,Reference or framework output field: proof_state_confidence,output,no,yes,de-identified output,0.893,excluded from model inputs,reference_or_framework_output
case_outputs.csv,supporting_evidence,string/numeric/json/text,see file,Reference or framework output field: supporting_evidence,output,no,yes,de-identified output,regulated item and controlled action; document gap; valid evidence quality; domestic/permit mapping available,excluded from model inputs,reference_or_framework_output
case_outputs.csv,missing_evidence,string/numeric/json/text,see file,Reference or framework output field: missing_evidence,output,no,yes,de-identified output,complete required document,excluded from model inputs,reference_or_framework_output
case_outputs.csv,evidence_matrix_json,string/numeric/json/text,see file,Reference or framework output field: evidence_matrix_json,output,no,yes,de-identified output,"{""rule_applicability"":""yes"",""obligation_exists"":""yes"",""factual_breach"":""yes"",""evidence_quality"":""verified"",""domestic_mapping"":""yes"",""missing_critical_field"":""no"",""structured_text_conflict"":""no""}",excluded from model inputs,reference_or_framework_output
case_outputs.csv,framework_corrective_action,string/numeric/json/text,see file,Reference or framework output field: framework_corrective_action,output,no,yes,de-identified output,Hold export; obtain prior consent; submit authorization record,excluded from model inputs,reference_or_framework_output
case_outputs.csv,framework_case_file_summary,string/numeric/json/text,see file,Reference or framework output field: framework_case_file_summary,output,no,yes,de-identified output,"CASE_0001: Rotterdam-inspired case assessed as confirmed violation based on regulated item and controlled action, document gap, valid evidence quality.",excluded from model inputs,reference_or_framework_output
case_outputs.csv,human_review_flag,string/numeric/json/text,see file,Reference or framework output field: human_review_flag,output,no,yes,de-identified output,no,excluded from model inputs,reference_or_framework_output
case_outputs.csv,unsupported_claim_flag,string/numeric/json/text,see file,Reference or framework output field: unsupported_claim_flag,output,no,yes,de-identified output,no,excluded from model inputs,reference_or_framework_output
case_outputs.csv,legal_validation_passed,string/numeric/json/text,see file,Reference or framework output field: legal_validation_passed,output,no,yes,de-identified output,yes,excluded from model inputs,reference_or_framework_output
case_outputs.csv,evidence_completeness_score,string/numeric/json/text,see file,Reference or framework output field: evidence_completeness_score,output,no,yes,de-identified output,0.904,excluded from model inputs,reference_or_framework_output
case_outputs.csv,rule_match_flag,string/numeric/json/text,see file,Reference or framework output field: rule_match_flag,output,no,yes,de-identified output,yes,excluded from model inputs,reference_or_framework_output
case_outputs.csv,model_variant,string/numeric/json/text,see file,Reference or framework output field: model_variant,output,no,yes,de-identified output,EnvLex-Lite,excluded from model inputs,reference_or_framework_output
case_outputs.csv,output_version,string/numeric/json/text,see file,Reference or framework output field: output_version,output,no,yes,de-identified output,v1.0,excluded from model inputs,reference_or_framework_output
train_ids.csv,case_id,string/numeric,see file,Split metadata field: case_id,metadata,no,yes,de-identified split metadata,CASE_0001,safe input/metadata after de-identification,split_metadata
train_ids.csv,split,string/numeric,see file,Split metadata field: split,metadata,no,yes,de-identified split metadata,train,safe input/metadata after de-identification,split_metadata
train_ids.csv,split_ratio,string/numeric,see file,Split metadata field: split_ratio,metadata,no,yes,de-identified split metadata,70/15/15,safe input/metadata after de-identification,split_metadata
train_ids.csv,rule_family,string/numeric,see file,Split metadata field: rule_family,metadata,no,yes,de-identified split metadata,Rotterdam-inspired,safe input/metadata after de-identification,split_metadata
train_ids.csv,reference_proof_state,string/numeric,see file,Split metadata field: reference_proof_state,metadata,no,yes,de-identified split metadata,confirmed_violation,safe input/metadata after de-identification,split_metadata
train_ids.csv,candidate_rule_id,string/numeric,see file,Split metadata field: candidate_rule_id,metadata,no,yes,de-identified split metadata,ROT_R05,safe input/metadata after de-identification,split_metadata
train_ids.csv,material_type,string/numeric,see file,Split metadata field: material_type,metadata,no,yes,de-identified split metadata,listed_formulation,safe input/metadata after de-identification,split_metadata
train_ids.csv,action_type,string/numeric,see file,Split metadata field: action_type,metadata,no,yes,de-identified split metadata,cross_border_sale,safe input/metadata after de-identification,split_metadata
train_ids.csv,stratification_key,string/numeric,see file,Split metadata field: stratification_key,metadata,no,yes,de-identified split metadata,Rotterdam-inspired__confirmed_violation,safe input/metadata after de-identification,split_metadata
train_ids.csv,row_index,string/numeric,see file,Split metadata field: row_index,metadata,no,yes,de-identified split metadata,1,safe input/metadata after de-identification,split_metadata
train_ids.csv,fold_id,string/numeric,see file,Split metadata field: fold_id,metadata,no,yes,de-identified split metadata,0,safe input/metadata after de-identification,split_metadata
train_ids.csv,leakage_checked,string/numeric,see file,Split metadata field: leakage_checked,metadata,no,yes,de-identified split metadata,yes,safe input/metadata after de-identification,split_metadata
val_ids.csv,case_id,string/numeric,see file,Split metadata field: case_id,metadata,no,yes,de-identified split metadata,CASE_0001,safe input/metadata after de-identification,split_metadata
val_ids.csv,split,string/numeric,see file,Split metadata field: split,metadata,no,yes,de-identified split metadata,train,safe input/metadata after de-identification,split_metadata
val_ids.csv,split_ratio,string/numeric,see file,Split metadata field: split_ratio,metadata,no,yes,de-identified split metadata,70/15/15,safe input/metadata after de-identification,split_metadata
val_ids.csv,rule_family,string/numeric,see file,Split metadata field: rule_family,metadata,no,yes,de-identified split metadata,Rotterdam-inspired,safe input/metadata after de-identification,split_metadata
val_ids.csv,reference_proof_state,string/numeric,see file,Split metadata field: reference_proof_state,metadata,no,yes,de-identified split metadata,confirmed_violation,safe input/metadata after de-identification,split_metadata
val_ids.csv,candidate_rule_id,string/numeric,see file,Split metadata field: candidate_rule_id,metadata,no,yes,de-identified split metadata,ROT_R05,safe input/metadata after de-identification,split_metadata
val_ids.csv,material_type,string/numeric,see file,Split metadata field: material_type,metadata,no,yes,de-identified split metadata,listed_formulation,safe input/metadata after de-identification,split_metadata
val_ids.csv,action_type,string/numeric,see file,Split metadata field: action_type,metadata,no,yes,de-identified split metadata,cross_border_sale,safe input/metadata after de-identification,split_metadata
val_ids.csv,stratification_key,string/numeric,see file,Split metadata field: stratification_key,metadata,no,yes,de-identified split metadata,Rotterdam-inspired__confirmed_violation,safe input/metadata after de-identification,split_metadata
val_ids.csv,row_index,string/numeric,see file,Split metadata field: row_index,metadata,no,yes,de-identified split metadata,1,safe input/metadata after de-identification,split_metadata
val_ids.csv,fold_id,string/numeric,see file,Split metadata field: fold_id,metadata,no,yes,de-identified split metadata,0,safe input/metadata after de-identification,split_metadata
val_ids.csv,leakage_checked,string/numeric,see file,Split metadata field: leakage_checked,metadata,no,yes,de-identified split metadata,yes,safe input/metadata after de-identification,split_metadata
test_ids.csv,case_id,string/numeric,see file,Split metadata field: case_id,metadata,no,yes,de-identified split metadata,CASE_0001,safe input/metadata after de-identification,split_metadata
test_ids.csv,split,string/numeric,see file,Split metadata field: split,metadata,no,yes,de-identified split metadata,train,safe input/metadata after de-identification,split_metadata
test_ids.csv,split_ratio,string/numeric,see file,Split metadata field: split_ratio,metadata,no,yes,de-identified split metadata,70/15/15,safe input/metadata after de-identification,split_metadata
test_ids.csv,rule_family,string/numeric,see file,Split metadata field: rule_family,metadata,no,yes,de-identified split metadata,Rotterdam-inspired,safe input/metadata after de-identification,split_metadata
test_ids.csv,reference_proof_state,string/numeric,see file,Split metadata field: reference_proof_state,metadata,no,yes,de-identified split metadata,confirmed_violation,safe input/metadata after de-identification,split_metadata
test_ids.csv,candidate_rule_id,string/numeric,see file,Split metadata field: candidate_rule_id,metadata,no,yes,de-identified split metadata,ROT_R05,safe input/metadata after de-identification,split_metadata
test_ids.csv,material_type,string/numeric,see file,Split metadata field: material_type,metadata,no,yes,de-identified split metadata,listed_formulation,safe input/metadata after de-identification,split_metadata
test_ids.csv,action_type,string/numeric,see file,Split metadata field: action_type,metadata,no,yes,de-identified split metadata,cross_border_sale,safe input/metadata after de-identification,split_metadata
test_ids.csv,stratification_key,string/numeric,see file,Split metadata field: stratification_key,metadata,no,yes,de-identified split metadata,Rotterdam-inspired__confirmed_violation,safe input/metadata after de-identification,split_metadata
test_ids.csv,row_index,string/numeric,see file,Split metadata field: row_index,metadata,no,yes,de-identified split metadata,1,safe input/metadata after de-identification,split_metadata
test_ids.csv,fold_id,string/numeric,see file,Split metadata field: fold_id,metadata,no,yes,de-identified split metadata,0,safe input/metadata after de-identification,split_metadata
test_ids.csv,leakage_checked,string/numeric,see file,Split metadata field: leakage_checked,metadata,no,yes,de-identified split metadata,yes,safe input/metadata after de-identification,split_metadata
